{
    "$schema": "https://docs.renovatebot.com/renovate-schema.json",
    "extends": [
      "config:base",
      ":prHourlyLimitNone",
      ":prNotPending",
      ":semanticCommits"
    ],
    "prConcurrentLimit": 3,
    "lockFileMaintenance": {
      "enabled": true,
      "automerge": true
    },
    "packageRules": [
      {
        "description": "Use bump strategy",
        "matchPackagePatterns": ["*"],
        "rangeStrategy": "bump",
        "semanticCommitType": "build",
        "labels": ["dependencies"]
      },
      {
        "matchManagers": ["github-actions"],
        "semanticCommitType": "ci",
        "addLabels": ["github_actions"]
      },
      {
        "matchManagers": ["npm"],
        "addLabels": ["javascript"]
      },
      {
        "matchDepTypes": ["devDependencies"],
        "semanticCommitScope": "deps-dev"
      },
      {
        "description": "Show in changelog package updates",
        "matchPackagePatterns": ["^@wppconnect/", "^@wppconnect-team/"],
        "semanticCommitType": "fix"
      },
      {
        "description": "Automatically merge minor and patch-level updates",
        "matchUpdateTypes": ["minor", "patch", "pin", "digest"],
        "automerge": true,
        "automergeStrategy": "squash",
        "automergeType": "pr"
      }
    ]
  }